texto,categoria
El documento legal número 1 aborda la conciliación laboral y analiza su aplicación en contextos actuales.,Legal
El documento legal número 2 aborda los procedimientos judiciales y analiza su aplicación en contextos actuales.,Legal
El documento legal número 3 aborda la ejecución de sentencias y analiza su aplicación en contextos actuales.,Legal
El documento legal número 4 aborda la protección de datos personales y analiza su aplicación en contextos actuales.,Legal
El documento legal número 5 aborda la actuación administrativa y analiza su aplicación en contextos actuales.,Legal
El documento legal número 6 aborda la autorización ministerial y analiza su aplicación en contextos actuales.,Legal
El documento legal número 7 aborda el arbitraje internacional y analiza su aplicación en contextos actuales.,Legal
El documento legal número 8 aborda la regulación tributaria y analiza su aplicación en contextos actuales.,Legal
El documento legal número 9 aborda los procedimientos judiciales y analiza su aplicación en contextos actuales.,Legal
El documento legal número 10 aborda la legislación penal y analiza su aplicación en contextos actuales.,Legal
El documento legal número 11 aborda las cláusulas de confidencialidad y analiza su aplicación en contextos actuales.,Legal
El documento legal número 12 aborda la propiedad intelectual y analiza su aplicación en contextos actuales.,Legal
El documento legal número 13 aborda la normativa ambiental y analiza su aplicación en contextos actuales.,Legal
El documento legal número 14 aborda la responsabilidad civil y analiza su aplicación en contextos actuales.,Legal
El documento legal número 15 aborda las obligaciones contractuales y analiza su aplicación en contextos actuales.,Legal
El documento legal número 16 aborda las obligaciones contractuales y analiza su aplicación en contextos actuales.,Legal
El documento legal número 17 aborda la protección de datos personales y analiza su aplicación en contextos actuales.,Legal
El documento legal número 18 aborda los derechos laborales y analiza su aplicación en contextos actuales.,Legal
El documento legal número 19 aborda los derechos laborales y analiza su aplicación en contextos actuales.,Legal
El documento legal número 20 aborda la supervisión pública y analiza su aplicación en contextos actuales.,Legal
El documento legal número 21 aborda la conciliación laboral y analiza su aplicación en contextos actuales.,Legal
El documento legal número 22 aborda las cláusulas de confidencialidad y analiza su aplicación en contextos actuales.,Legal
El documento legal número 23 aborda la regulación tributaria y analiza su aplicación en contextos actuales.,Legal
El documento legal número 24 aborda las cláusulas de confidencialidad y analiza su aplicación en contextos actuales.,Legal
El documento legal número 25 aborda las cláusulas de confidencialidad y analiza su aplicación en contextos actuales.,Legal
El documento legal número 26 aborda la conciliación laboral y analiza su aplicación en contextos actuales.,Legal
El documento legal número 27 aborda la responsabilidad civil y analiza su aplicación en contextos actuales.,Legal
El documento legal número 28 aborda la legislación penal y analiza su aplicación en contextos actuales.,Legal
El documento legal número 29 aborda la supervisión pública y analiza su aplicación en contextos actuales.,Legal
El documento legal número 30 aborda la supervisión pública y analiza su aplicación en contextos actuales.,Legal
El documento legal número 31 aborda la responsabilidad civil y analiza su aplicación en contextos actuales.,Legal
El documento legal número 32 aborda la contratación estatal y analiza su aplicación en contextos actuales.,Legal
El documento legal número 33 aborda los procedimientos judiciales y analiza su aplicación en contextos actuales.,Legal
El documento legal número 34 aborda la fiscalización financiera y analiza su aplicación en contextos actuales.,Legal
El documento legal número 35 aborda la protección de datos personales y analiza su aplicación en contextos actuales.,Legal
El documento legal número 36 aborda la protección de datos personales y analiza su aplicación en contextos actuales.,Legal
El documento legal número 37 aborda la supervisión pública y analiza su aplicación en contextos actuales.,Legal
El documento legal número 38 aborda la responsabilidad civil y analiza su aplicación en contextos actuales.,Legal
El documento legal número 39 aborda la actuación administrativa y analiza su aplicación en contextos actuales.,Legal
El documento legal número 40 aborda la propiedad intelectual y analiza su aplicación en contextos actuales.,Legal
El documento legal número 41 aborda la legislación penal y analiza su aplicación en contextos actuales.,Legal
El documento legal número 42 aborda la actuación administrativa y analiza su aplicación en contextos actuales.,Legal
El documento legal número 43 aborda la ejecución de sentencias y analiza su aplicación en contextos actuales.,Legal
El documento legal número 44 aborda la autorización ministerial y analiza su aplicación en contextos actuales.,Legal
El documento legal número 45 aborda la propiedad intelectual y analiza su aplicación en contextos actuales.,Legal
El documento legal número 46 aborda la supervisión pública y analiza su aplicación en contextos actuales.,Legal
El documento legal número 47 aborda la responsabilidad civil y analiza su aplicación en contextos actuales.,Legal
El documento legal número 48 aborda la ejecución de sentencias y analiza su aplicación en contextos actuales.,Legal
El documento legal número 49 aborda el arbitraje internacional y analiza su aplicación en contextos actuales.,Legal
El documento legal número 50 aborda los procedimientos judiciales y analiza su aplicación en contextos actuales.,Legal
El documento educativo número 1 presenta un estudio sobre la planificación curricular y su impacto en el aprendizaje.,Educativo
El documento educativo número 2 presenta un estudio sobre la gamificación en clase y su impacto en el aprendizaje.,Educativo
El documento educativo número 3 presenta un estudio sobre la integración de TIC y su impacto en el aprendizaje.,Educativo
El documento educativo número 4 presenta un estudio sobre la enseñanza de múltiples idiomas y su impacto en el aprendizaje.,Educativo
El documento educativo número 5 presenta un estudio sobre el aprendizaje basado en proyectos y su impacto en el aprendizaje.,Educativo
El documento educativo número 6 presenta un estudio sobre la gamificación en clase y su impacto en el aprendizaje.,Educativo
El documento educativo número 7 presenta un estudio sobre la evaluación formativa y su impacto en el aprendizaje.,Educativo
El documento educativo número 8 presenta un estudio sobre las prácticas de laboratorio y su impacto en el aprendizaje.,Educativo
El documento educativo número 9 presenta un estudio sobre la evaluación formativa y su impacto en el aprendizaje.,Educativo
El documento educativo número 10 presenta un estudio sobre la alfabetización científica y su impacto en el aprendizaje.,Educativo
El documento educativo número 11 presenta un estudio sobre la tutoría entre pares y su impacto en el aprendizaje.,Educativo
El documento educativo número 12 presenta un estudio sobre la gestión de aula y su impacto en el aprendizaje.,Educativo
El documento educativo número 13 presenta un estudio sobre las prácticas de laboratorio y su impacto en el aprendizaje.,Educativo
El documento educativo número 14 presenta un estudio sobre la integración de TIC y su impacto en el aprendizaje.,Educativo
El documento educativo número 15 presenta un estudio sobre los recursos didácticos digitales y su impacto en el aprendizaje.,Educativo
El documento educativo número 16 presenta un estudio sobre las técnicas de estudio visual y su impacto en el aprendizaje.,Educativo
El documento educativo número 17 presenta un estudio sobre los recursos didácticos digitales y su impacto en el aprendizaje.,Educativo
El documento educativo número 18 presenta un estudio sobre la planificación curricular y su impacto en el aprendizaje.,Educativo
El documento educativo número 19 presenta un estudio sobre la retroalimentación efectiva y su impacto en el aprendizaje.,Educativo
El documento educativo número 20 presenta un estudio sobre la alfabetización científica y su impacto en el aprendizaje.,Educativo
El documento educativo número 21 presenta un estudio sobre las estrategias de pensamiento crítico y su impacto en el aprendizaje.,Educativo
El documento educativo número 22 presenta un estudio sobre las actividades de lectoescritura y su impacto en el aprendizaje.,Educativo
El documento educativo número 23 presenta un estudio sobre el aprendizaje basado en proyectos y su impacto en el aprendizaje.,Educativo
El documento educativo número 24 presenta un estudio sobre el desarrollo de competencias socioemocionales y su impacto en el aprendizaje.,Educativo
El documento educativo número 25 presenta un estudio sobre los métodos de enseñanza colaborativa y su impacto en el aprendizaje.,Educativo
El documento educativo número 26 presenta un estudio sobre la alfabetización científica y su impacto en el aprendizaje.,Educativo
El documento educativo número 27 presenta un estudio sobre la educación a distancia y su impacto en el aprendizaje.,Educativo
El documento educativo número 28 presenta un estudio sobre la gamificación en clase y su impacto en el aprendizaje.,Educativo
El documento educativo número 29 presenta un estudio sobre los proyectos interdisciplinarios y su impacto en el aprendizaje.,Educativo
El documento educativo número 30 presenta un estudio sobre el aprendizaje basado en proyectos y su impacto en el aprendizaje.,Educativo
El documento educativo número 31 presenta un estudio sobre los proyectos interdisciplinarios y su impacto en el aprendizaje.,Educativo
El documento educativo número 32 presenta un estudio sobre la evaluación formativa y su impacto en el aprendizaje.,Educativo
El documento educativo número 33 presenta un estudio sobre la enseñanza de múltiples idiomas y su impacto en el aprendizaje.,Educativo
El documento educativo número 34 presenta un estudio sobre la enseñanza de múltiples idiomas y su impacto en el aprendizaje.,Educativo
El documento educativo número 35 presenta un estudio sobre la gestión de aula y su impacto en el aprendizaje.,Educativo
El documento educativo número 36 presenta un estudio sobre la planificación curricular y su impacto en el aprendizaje.,Educativo
El documento educativo número 37 presenta un estudio sobre las estrategias de pensamiento crítico y su impacto en el aprendizaje.,Educativo
El documento educativo número 38 presenta un estudio sobre la planificación curricular y su impacto en el aprendizaje.,Educativo
El documento educativo número 39 presenta un estudio sobre las prácticas de laboratorio y su impacto en el aprendizaje.,Educativo
El documento educativo número 40 presenta un estudio sobre los proyectos interdisciplinarios y su impacto en el aprendizaje.,Educativo
El documento educativo número 41 presenta un estudio sobre la gestión de aula y su impacto en el aprendizaje.,Educativo
El documento educativo número 42 presenta un estudio sobre la gamificación en clase y su impacto en el aprendizaje.,Educativo
El documento educativo número 43 presenta un estudio sobre las estrategias de pensamiento crítico y su impacto en el aprendizaje.,Educativo
El documento educativo número 44 presenta un estudio sobre la enseñanza de múltiples idiomas y su impacto en el aprendizaje.,Educativo
El documento educativo número 45 presenta un estudio sobre la inclusión educativa y su impacto en el aprendizaje.,Educativo
El documento educativo número 46 presenta un estudio sobre la evaluación formativa y su impacto en el aprendizaje.,Educativo
El documento educativo número 47 presenta un estudio sobre los proyectos interdisciplinarios y su impacto en el aprendizaje.,Educativo
El documento educativo número 48 presenta un estudio sobre las prácticas de laboratorio y su impacto en el aprendizaje.,Educativo
El documento educativo número 49 presenta un estudio sobre las prácticas de laboratorio y su impacto en el aprendizaje.,Educativo
El documento educativo número 50 presenta un estudio sobre la integración de TIC y su impacto en el aprendizaje.,Educativo
